login,id,node_id,avatar_url,gravatar_id,url,html_url,followers_url,following_url,gists_url,starred_url,subscriptions_url,organizations_url,repos_url,events_url,received_events_url,type,user_view_type,site_admin
mustafacagri,7488394,MDQ6VXNlcjc0ODgzOTQ=,https://avatars.githubusercontent.com/u/7488394?v=4,,https://api.github.com/users/mustafacagri,https://github.com/mustafacagri,https://api.github.com/users/mustafacagri/followers,https://api.github.com/users/mustafacagri/following{/other_user},https://api.github.com/users/mustafacagri/gists{/gist_id},https://api.github.com/users/mustafacagri/starred{/owner}{/repo},https://api.github.com/users/mustafacagri/subscriptions,https://api.github.com/users/mustafacagri/orgs,https://api.github.com/users/mustafacagri/repos,https://api.github.com/users/mustafacagri/events{/privacy},https://api.github.com/users/mustafacagri/received_events,User,public,false
IDouble,18186995,MDQ6VXNlcjE4MTg2OTk1,https://avatars.githubusercontent.com/u/18186995?v=4,,https://api.github.com/users/IDouble,https://github.com/IDouble,https://api.github.com/users/IDouble/followers,https://api.github.com/users/IDouble/following{/other_user},https://api.github.com/users/IDouble/gists{/gist_id},https://api.github.com/users/IDouble/starred{/owner}{/repo},https://api.github.com/users/IDouble/subscriptions,https://api.github.com/users/IDouble/orgs,https://api.github.com/users/IDouble/repos,https://api.github.com/users/IDouble/events{/privacy},https://api.github.com/users/IDouble/received_events,User,public,false
alxkm,19151554,MDQ6VXNlcjE5MTUxNTU0,https://avatars.githubusercontent.com/u/19151554?v=4,,https://api.github.com/users/alxkm,https://github.com/alxkm,https://api.github.com/users/alxkm/followers,https://api.github.com/users/alxkm/following{/other_user},https://api.github.com/users/alxkm/gists{/gist_id},https://api.github.com/users/alxkm/starred{/owner}{/repo},https://api.github.com/users/alxkm/subscriptions,https://api.github.com/users/alxkm/orgs,https://api.github.com/users/alxkm/repos,https://api.github.com/users/alxkm/events{/privacy},https://api.github.com/users/alxkm/received_events,User,public,false
kaotickj,58899228,MDQ6VXNlcjU4ODk5MjI4,https://avatars.githubusercontent.com/u/58899228?v=4,,https://api.github.com/users/kaotickj,https://github.com/kaotickj,https://api.github.com/users/kaotickj/followers,https://api.github.com/users/kaotickj/following{/other_user},https://api.github.com/users/kaotickj/gists{/gist_id},https://api.github.com/users/kaotickj/starred{/owner}{/repo},https://api.github.com/users/kaotickj/subscriptions,https://api.github.com/users/kaotickj/orgs,https://api.github.com/users/kaotickj/repos,https://api.github.com/users/kaotickj/events{/privacy},https://api.github.com/users/kaotickj/received_events,User,public,false
savith12321,73011842,MDQ6VXNlcjczMDExODQy,https://avatars.githubusercontent.com/u/73011842?v=4,,https://api.github.com/users/savith12321,https://github.com/savith12321,https://api.github.com/users/savith12321/followers,https://api.github.com/users/savith12321/following{/other_user},https://api.github.com/users/savith12321/gists{/gist_id},https://api.github.com/users/savith12321/starred{/owner}{/repo},https://api.github.com/users/savith12321/subscriptions,https://api.github.com/users/savith12321/orgs,https://api.github.com/users/savith12321/repos,https://api.github.com/users/savith12321/events{/privacy},https://api.github.com/users/savith12321/received_events,User,public,false
PhelipeSilvestre,99892687,U_kgDOBfQ9zw,https://avatars.githubusercontent.com/u/99892687?v=4,,https://api.github.com/users/PhelipeSilvestre,https://github.com/PhelipeSilvestre,https://api.github.com/users/PhelipeSilvestre/followers,https://api.github.com/users/PhelipeSilvestre/following{/other_user},https://api.github.com/users/PhelipeSilvestre/gists{/gist_id},https://api.github.com/users/PhelipeSilvestre/starred{/owner}{/repo},https://api.github.com/users/PhelipeSilvestre/subscriptions,https://api.github.com/users/PhelipeSilvestre/orgs,https://api.github.com/users/PhelipeSilvestre/repos,https://api.github.com/users/PhelipeSilvestre/events{/privacy},https://api.github.com/users/PhelipeSilvestre/received_events,User,public,false
chigbue,143916896,U_kgDOCJP_YA,https://avatars.githubusercontent.com/u/143916896?v=4,,https://api.github.com/users/chigbue,https://github.com/chigbue,https://api.github.com/users/chigbue/followers,https://api.github.com/users/chigbue/following{/other_user},https://api.github.com/users/chigbue/gists{/gist_id},https://api.github.com/users/chigbue/starred{/owner}{/repo},https://api.github.com/users/chigbue/subscriptions,https://api.github.com/users/chigbue/orgs,https://api.github.com/users/chigbue/repos,https://api.github.com/users/chigbue/events{/privacy},https://api.github.com/users/chigbue/received_events,User,public,false
samarjitsahoo,145245473,U_kgDOCKhFIQ,https://avatars.githubusercontent.com/u/145245473?v=4,,https://api.github.com/users/samarjitsahoo,https://github.com/samarjitsahoo,https://api.github.com/users/samarjitsahoo/followers,https://api.github.com/users/samarjitsahoo/following{/other_user},https://api.github.com/users/samarjitsahoo/gists{/gist_id},https://api.github.com/users/samarjitsahoo/starred{/owner}{/repo},https://api.github.com/users/samarjitsahoo/subscriptions,https://api.github.com/users/samarjitsahoo/orgs,https://api.github.com/users/samarjitsahoo/repos,https://api.github.com/users/samarjitsahoo/events{/privacy},https://api.github.com/users/samarjitsahoo/received_events,User,public,false
seniorvuejsdeveloper,147451557,U_kgDOCMnupQ,https://avatars.githubusercontent.com/u/147451557?v=4,,https://api.github.com/users/seniorvuejsdeveloper,https://github.com/seniorvuejsdeveloper,https://api.github.com/users/seniorvuejsdeveloper/followers,https://api.github.com/users/seniorvuejsdeveloper/following{/other_user},https://api.github.com/users/seniorvuejsdeveloper/gists{/gist_id},https://api.github.com/users/seniorvuejsdeveloper/starred{/owner}{/repo},https://api.github.com/users/seniorvuejsdeveloper/subscriptions,https://api.github.com/users/seniorvuejsdeveloper/orgs,https://api.github.com/users/seniorvuejsdeveloper/repos,https://api.github.com/users/seniorvuejsdeveloper/events{/privacy},https://api.github.com/users/seniorvuejsdeveloper/received_events,User,public,false
karr-x1,149694525,U_kgDOCOwoPQ,https://avatars.githubusercontent.com/u/149694525?v=4,,https://api.github.com/users/karr-x1,https://github.com/karr-x1,https://api.github.com/users/karr-x1/followers,https://api.github.com/users/karr-x1/following{/other_user},https://api.github.com/users/karr-x1/gists{/gist_id},https://api.github.com/users/karr-x1/starred{/owner}{/repo},https://api.github.com/users/karr-x1/subscriptions,https://api.github.com/users/karr-x1/orgs,https://api.github.com/users/karr-x1/repos,https://api.github.com/users/karr-x1/events{/privacy},https://api.github.com/users/karr-x1/received_events,User,public,false
oleksiiboichuk,167747487,U_kgDOCf-fnw,https://avatars.githubusercontent.com/u/167747487?v=4,,https://api.github.com/users/oleksiiboichuk,https://github.com/oleksiiboichuk,https://api.github.com/users/oleksiiboichuk/followers,https://api.github.com/users/oleksiiboichuk/following{/other_user},https://api.github.com/users/oleksiiboichuk/gists{/gist_id},https://api.github.com/users/oleksiiboichuk/starred{/owner}{/repo},https://api.github.com/users/oleksiiboichuk/subscriptions,https://api.github.com/users/oleksiiboichuk/orgs,https://api.github.com/users/oleksiiboichuk/repos,https://api.github.com/users/oleksiiboichuk/events{/privacy},https://api.github.com/users/oleksiiboichuk/received_events,User,public,false
JawherKl,174592810,U_kgDOCmgTKg,https://avatars.githubusercontent.com/u/174592810?v=4,,https://api.github.com/users/JawherKl,https://github.com/JawherKl,https://api.github.com/users/JawherKl/followers,https://api.github.com/users/JawherKl/following{/other_user},https://api.github.com/users/JawherKl/gists{/gist_id},https://api.github.com/users/JawherKl/starred{/owner}{/repo},https://api.github.com/users/JawherKl/subscriptions,https://api.github.com/users/JawherKl/orgs,https://api.github.com/users/JawherKl/repos,https://api.github.com/users/JawherKl/events{/privacy},https://api.github.com/users/JawherKl/received_events,User,public,false
Brahim-Fadly,186513834,U_kgDOCx35qg,https://avatars.githubusercontent.com/u/186513834?v=4,,https://api.github.com/users/Brahim-Fadly,https://github.com/Brahim-Fadly,https://api.github.com/users/Brahim-Fadly/followers,https://api.github.com/users/Brahim-Fadly/following{/other_user},https://api.github.com/users/Brahim-Fadly/gists{/gist_id},https://api.github.com/users/Brahim-Fadly/starred{/owner}{/repo},https://api.github.com/users/Brahim-Fadly/subscriptions,https://api.github.com/users/Brahim-Fadly/orgs,https://api.github.com/users/Brahim-Fadly/repos,https://api.github.com/users/Brahim-Fadly/events{/privacy},https://api.github.com/users/Brahim-Fadly/received_events,User,public,false
Wuthichai2323,187460836,U_kgDOCyxs5A,https://avatars.githubusercontent.com/u/187460836?v=4,,https://api.github.com/users/Wuthichai2323,https://github.com/Wuthichai2323,https://api.github.com/users/Wuthichai2323/followers,https://api.github.com/users/Wuthichai2323/following{/other_user},https://api.github.com/users/Wuthichai2323/gists{/gist_id},https://api.github.com/users/Wuthichai2323/starred{/owner}{/repo},https://api.github.com/users/Wuthichai2323/subscriptions,https://api.github.com/users/Wuthichai2323/orgs,https://api.github.com/users/Wuthichai2323/repos,https://api.github.com/users/Wuthichai2323/events{/privacy},https://api.github.com/users/Wuthichai2323/received_events,User,public,false
ipqwery,188051590,U_kgDOCzVwhg,https://avatars.githubusercontent.com/u/188051590?v=4,,https://api.github.com/users/ipqwery,https://github.com/ipqwery,https://api.github.com/users/ipqwery/followers,https://api.github.com/users/ipqwery/following{/other_user},https://api.github.com/users/ipqwery/gists{/gist_id},https://api.github.com/users/ipqwery/starred{/owner}{/repo},https://api.github.com/users/ipqwery/subscriptions,https://api.github.com/users/ipqwery/orgs,https://api.github.com/users/ipqwery/repos,https://api.github.com/users/ipqwery/events{/privacy},https://api.github.com/users/ipqwery/received_events,User,public,false
